Subreddit,Subscribers,Total Comments,Total Score,Total Upvote Ratio,Total Awards,Posts Counted
funny,57683449,46417,954210,0.7476612903225809,0,372
AskReddit,45514761,365854,308862,0.8470199999999994,0,500
gaming,40017877,99918,472830,0.605117270788913,0,469
worldnews,35611076,78819,891046,0.9070999999999985,0,500
aww,35580324,11639,427253,0.9673000000000008,0,500
todayilearned,35182849,43310,1009264,0.9160583941605831,0,274
Music,33191134,32103,101459,0.8466199999999999,0,500
movies,32464122,88753,235613,0.6748799999999999,0,500
science,31644154,14688,177665,0.886687116564417,0,163
pics,30595483,90621,1692257,0.9118599999999996,0,500
memes,30373758,38977,1291643,0.9319000000000006,0,500
Showerthoughts,30146413,24525,205007,0.6502999999999997,0,500
Jokes,28063227,5703,77869,0.7406451612903232,0,279
news,27610590,59061,764472,0.9372058823529406,0,136
videos,26857162,18534,60208,0.5467543859649122,0,456
space,25108979,10192,61729,0.7645121951219508,0,164
askscience,24892780,1294,3153,0.8083333333333333,0,30
books,23865405,19425,22597,0.7325599999999999,0,125
DIY,23832532,33827,79510,0.8252600000000008,0,500
nottheonion,23365172,22051,360116,0.8974311926605502,0,109
mildlyinteresting,23129424,43617,705273,0.85062,0,500
explainlikeimfive,22772500,15190,56233,0.60640127388535,0,314
LifeProTips,22571405,6454,83535,0.7215254237288136,0,59
IAmA,22571353,571,1089,0.7075,0,4
Art,22492266,1918,60797,0.9147400000000003,0,500
dataisbeautiful,20549363,10108,52809,0.7113265306122447,0,98
Futurology,19862897,12437,48699,0.6914953271028039,0,107
personalfinance,18859346,13321,17390,0.8240800000000011,0,500
tifu,18531647,9914,79111,0.6625409836065577,0,122
OldSchoolCool,18475977,19773,364677,0.9190199999999994,0,500
television,17138069,31237,134621,0.6322872340425536,0,376
technology,15886864,63712,497688,0.7700847457627122,0,354
wholesomememes,15612744,3575,617123,0.9609999999999999,0,100
wallstreetbets,15135709,176024,225551,0.8402799999999995,0,500
AmItheAsshole,15048454,115851,412915,0.8730600000000001,0,500
Damnthatsinteresting,14293798,48332,1265005,0.9356424581005578,0,179
TwoXChromosomes,13663617,29568,139834,0.7043000000000005,0,500
interestingasfuck,11838750,118141,1608105,0.8524637681159408,0,414
relationship_advice,11630511,49921,79168,0.8380000000000003,0,500
Fitness,11614182,3124,372,0.8657142857142855,0,14
Unexpected,10707670,13620,723114,0.9320270270270268,0,74
pcmasterrace,10566801,50833,451624,0.8687599999999999,0,500
oddlysatisfying,10538004,16330,519418,0.8875652173913041,0,115
nba,10078338,74772,512975,0.9358799999999992,0,500
travel,9776149,12466,20930,0.8437400000000014,0,500
HistoryMemes,9574635,16686,518042,0.9103072625698317,0,358
anime,9469527,44057,153661,0.7816200000000021,0,500
MadeMeSmile,9125751,33431,1749123,0.9294285714285706,0,315
nextfuckinglevel,8680716,16939,656874,0.9305333333333329,0,75
politics,8491878,123457,1375226,0.9477599999999996,0,500
facepalm,8068243,88898,1097932,0.7863800000000003,0,500
BeAmazed,7714673,38117,1091736,0.9572946859903372,0,207
CryptoCurrency,7628850,39947,42227,0.634497354497354,0,378
Whatcouldgowrong,7505657,5461,130240,0.9423809523809529,0,21
nfl,7495842,123298,522028,0.9582400000000004,0,500
Minecraft,7416721,20258,208829,0.892339999999999,0,500
therewasanattempt,7321463,45630,711295,0.8648666666666657,0,300
mildlyinfuriating,7206330,75189,971234,0.8616399999999989,0,500
leagueoflegends,7118329,48026,142112,0.7368600000000015,0,500
WTF,7044345,11605,123467,0.9315151515151516,0,33
buildapc,6820197,13850,8185,0.7524000000000035,0,500
stocks,6610545,9553,13820,0.7784466019417478,0,103
Parenting,6433877,21598,34159,0.8971400000000005,0,500
Bitcoin,6319050,30635,76978,0.8276200000000002,0,500
soccer,6237012,106759,670396,0.9490600000000015,0,500
europe,5996835,51324,478836,0.8493599999999989,0,500
dankmemes,5984012,15713,700928,0.8523008849557502,0,452
programming,5983656,4441,10743,0.5369288389513112,0,267
AskMen,5975190,44018,33401,0.7505800000000006,0,500
Tinder,5924343,25926,191594,0.6390462427745671,0,346
cars,5880052,11992,26066,0.835851063829787,0,94
NintendoSwitch,5796758,7827,16508,0.7009890109890111,0,91
BlackPeopleTwitter,5752908,28958,637557,0.9560629921259837,0,127
cats,5578648,68208,773580,0.9834400000000039,0,500
Overwatch,5441116,25732,122656,0.8401200000000003,0,500
YouShouldKnow,5316094,1848,28723,0.9245454545454546,0,11
PS5,5011951,16348,70202,0.7863870967741933,0,155
apple,4796413,7358,25429,0.8315384615384616,0,52
ChatGPT,4752284,19319,186321,0.8135200000000016,0,500
entertainment,4695237,24647,251641,0.8054867256637172,0,226
pokemongo,4673919,20592,124526,0.9052199999999997,0,500
PublicFreakout,4646967,45743,394780,0.9100735294117641,0,136
dating_advice,4542055,14568,12673,0.8586799999999998,0,500
pokemon,4528095,16076,140669,0.8217000000000008,0,500
KidsAreFuckingStupid,4504828,8786,183144,0.8727941176470583,0,68
pettyrevenge,4453126,6215,112485,0.9285714285714288,0,35
NoStupidQuestions,4429272,87582,180932,0.8207199999999991,0,500
boardgames,4396201,10144,12722,0.6442809364548495,0,299
HomeImprovement,4393980,4016,2911,0.804160000000001,0,500
coolguides,4382903,7725,119088,0.8759999999999999,0,90
CrappyDesign,4347233,385,5600,0.9299999999999999,0,8
Frugal,4306326,11328,19014,0.7087248322147653,0,149
unpopularopinion,4178274,47655,133064,0.6307399999999999,0,500
IdiotsInCars,4114583,8149,71105,0.8699180327868852,0,122
learnprogramming,4074267,4991,5770,0.8019200000000003,0,500
Animemes,4049559,7692,267150,0.9044648318042803,0,327
FortNiteBR,4047618,28367,193241,0.9026999999999988,0,500
MaliciousCompliance,4017286,1197,20245,0.9700000000000001,0,6
loseit,3966410,10098,17190,0.8007200000000023,0,500
iphone,3965632,8702,40003,0.8813600000000009,0,500
Cooking,3922458,29538,26313,0.7391000000000012,0,500
Economics,3911689,9431,30463,0.7790697674418608,0,86
formula1,3666510,29894,240928,0.8911111111111113,0,198
dating,3657722,19145,13204,0.8821400000000006,0,500
marvelstudios,3614992,19753,128012,0.7289010989010989,0,182
changemyview,3609512,23666,15866,0.5497709923664122,0,131
Fantasy,3592851,13157,11904,0.7112571428571428,0,350
MapPorn,3561212,26787,211365,0.7581939799331101,0,299
ProgrammerHumor,3518072,13829,388071,0.8899549549549551,0,222
DnD,3503953,26897,84640,0.8862799999999997,0,500
HolUp,3499059,9844,530620,0.8941877256317681,0,277
pcgaming,3496658,11439,47658,0.6568382352941176,0,136
relationships,3470761,11183,15685,0.848520000000001,0,500
Wellthatsucks,3438331,24290,314852,0.8068020304568525,0,197
OnePiece,3424334,28797,227893,0.8794999999999997,0,500
hiphopheads,3319803,10983,30906,0.8454320987654321,0,324
comicbooks,3317738,8157,26871,0.7153030303030291,0,396
cursedcomments,3313679,5502,406533,0.9012362637362631,0,364
OutOfTheLoop,3297195,7020,25722,0.6770175438596493,0,57
StarWars,3281461,24017,106344,0.6539399999999994,0,500
Games,3276947,19036,74051,0.716730769230769,0,260
marvelmemes,3242859,7684,164570,0.880441176470588,0,136
gameofthrones,3239183,13894,87298,0.6974509803921566,0,255
Entrepreneur,3197611,8285,6632,0.9062600000000014,0,500
offmychest,3181917,13892,59202,0.9061600000000003,0,500
maybemaybemaybe,3176548,11394,311746,0.900353982300885,0,113
TikTokCringe,3114405,56894,534186,0.7702593659942357,0,347
WhitePeopleTwitter,3097935,56763,917154,0.9301179245283026,0,424
XboxSeriesX,3084531,6764,18138,0.7174316939890713,0,183
manga,3061203,10248,185685,0.9092599999999995,0,500
teenagers,3013644,75655,145320,0.9266199999999997,0,500
DestinyTheGame,2981148,16396,31944,0.5809000000000002,0,500
PrequelMemes,2953407,4028,200866,0.945140845070422,0,142
careerguidance,2886229,6910,6790,0.9401400000000005,0,500
writing,2875259,9590,7517,0.57414847161572,0,458
horror,2871961,20800,20758,0.634192037470726,0,427
MurderedByWords,2866251,9012,301276,0.9393333333333335,0,30
SkincareAddiction,2862308,4909,10622,0.9428200000000005,0,500
atheism,2853693,33219,126418,0.8253846153846149,0,390
mac,2846487,5072,9185,0.8135999999999999,0,500
antiwork,2807238,41694,619018,0.8984399999999996,0,500
LivestreamFail,2801000,15183,90170,0.6680790960451976,0,177
MMA,2771660,28461,55231,0.877016574585635,0,181
whatisthisthing,2703345,5753,28716,0.8024571428571429,0,175
meirl,2700307,18078,1023672,0.9160212201591502,0,377
motorcycles,2678310,21702,80123,0.8230799999999996,0,500
Marvel,2670234,11532,72094,0.7219819819819817,0,333
shitposting,2636649,29892,1251814,0.9612000000000019,0,500
unitedkingdom,2620500,36761,63148,0.7699322033898315,0,295
popculturechat,2618910,45740,412941,0.8671007371007364,0,407
Genshin_Impact,2616592,32780,429365,0.9187600000000007,0,500
Steam,2615613,16207,122880,0.4847667342799191,0,493
apexlegends,2613454,12220,54274,0.8253600000000013,0,500
rareinsults,2589011,3148,205313,0.9237068965517239,0,116
Eldenring,2581553,49247,471580,0.9404800000000006,0,500
sex,2578477,14066,32037,0.8425800000000008,0,500
legaladvice,2577526,5318,72462,0.8689400000000006,0,500
baseball,2564743,30826,125709,0.8285132382892058,0,491
investing,2560086,7835,4634,0.5773224043715846,0,183
wow,2538546,20115,86250,0.7656800000000008,0,500
SweatyPalms,2470723,5303,64041,0.9110169491525423,0,59
AbruptChaos,2420758,1664,26400,0.9444444444444444,0,18
comics,2413851,15519,978185,0.9274199999999997,0,500
canada,2393843,54703,99416,0.7150470219435736,0,319
india,2308877,14465,84845,0.8200800000000014,0,500
GlobalOffensive,2264701,15414,75313,0.7387000000000007,0,500
TrueOffMyChest,2255537,28703,184326,0.8697200000000007,0,500
UFOs,2246796,25612,66888,0.6725632911392407,0,316
Watches,2211478,11689,31807,0.89236,0,500
techsupport,2204708,2333,1795,0.9723800000000001,0,500
3Dprinting,2144828,12066,62946,0.8656400000000001,0,500
webdev,2115785,6796,8001,0.7534210526315799,0,418
CasualUK,2110891,33288,174989,0.7980933852140072,0,257
conspiracy,2078787,38834,103397,0.7435000000000006,0,500
povertyfinance,2068210,17432,60111,0.7652868852459016,0,244
singularity,2060283,23208,40679,0.7837567567567574,0,370
BuyItForLife,2054997,6982,8240,0.6129447852760743,0,163
CrazyFuckingVideos,2051811,17053,208309,0.9453398058252422,0,103
fightporn,2027081,3538,64540,0.9386538461538462,0,52
Twitch,2026740,3196,2909,0.5268224299065425,0,321
Fauxmoi,2021607,27565,247966,0.867643979057591,0,191
AskHistorians,2019450,3095,22441,0.7929200000000007,0,500
trees,2018670,18081,79896,0.8766399999999993,0,500
clevercomebacks,2017215,9809,339368,0.8852272727272728,0,44
Guitar,2011874,19028,9806,0.8107600000000031,0,500
VALORANT,2011271,12615,23605,0.6282281059063121,0,491
perfectlycutscreams,2001707,3575,199360,0.8848924731182788,0,186
TaylorSwift,1976774,17756,62265,0.899317073170731,0,205
hmmm,1975241,2176,62444,0.9202836879432621,0,141
malelivingspace,1965995,19390,63743,0.8012595419847325,0,262
brasil,1962987,21798,73621,0.8575,0,500
Naruto,1938619,18256,71152,0.7156800000000002,0,500
hearthstone,1926520,21037,53532,0.776140000000002,0,500
ThatsInsane,1887782,10108,113604,0.8777419354838714,0,62
popheads,1874106,12878,24916,0.831207547169811,0,265
BaldursGate3,1871730,48280,381016,0.9145999999999996,0,500
de,1864463,29809,77920,0.8272682926829271,0,410
college,1860103,4070,8950,0.886493902439024,0,328
Rainbow6,1841867,16063,91467,0.9080199999999993,0,500
StardewValley,1837276,14997,198198,0.8766599999999983,0,500
hockey,1818188,62962,139115,0.8676199999999993,0,500
ADHD,1811509,17457,40213,0.92398,0,500
TooAfraidToAsk,1794382,20917,46061,0.710959999999999,0,500
skyrim,1779092,19745,95272,0.8531999999999998,0,500
Amd,1757674,2712,7714,0.8187301587301592,0,63
ShingekiNoKyojin,1754839,5882,65357,0.8762913907284767,0,151
australia,1736069,28623,90319,0.7208146067415733,0,356
FashionReps,1665451,7266,17851,0.8738199999999999,0,500
CombatFootage,1657400,17012,223767,0.8919815668202756,0,217
france,1652200,23743,31775,0.6902400000000003,0,500
Philippines,1639293,29855,102159,0.7895799999999997,0,500
PoliticalHumor,1629449,19219,335063,0.9246769230769218,0,325
UnethicalLifeProTips,1618891,9555,29103,0.5936866359447004,0,217
nhl,1614310,19645,62525,0.6959032258064518,0,310
OnePunchMan,1598026,5260,55396,0.8750406504065041,0,123
TheLastAirbender,1587204,26277,455286,0.8670200000000001,0,500
thalassophobia,1574760,552,5434,0.9312500000000001,0,8
snowboarding,1571934,10625,29878,0.6710421836228287,0,403
halo,1569743,18013,105654,0.8191600000000007,0,500
Satisfyingasfuck,1562975,4717,105645,0.8463035019455253,0,257
ufc,1535784,41985,175551,0.8514999999999998,0,500
nvidia,1532990,5280,7543,0.596702702702703,0,185
reddeadredemption,1526295,15374,75226,0.88642,0,500
jobs,1520134,15855,124080,0.8167600000000014,0,500
gtaonline,1511101,14471,59238,0.8794200000000003,0,500
Piracy,1507115,11093,85715,0.5885579937304073,0,319
30PlusSkinCare,1496363,12553,26634,0.915940000000001,0,500
skiing,1496262,11395,32961,0.7444891640866866,0,323
cyberpunkgame,1491635,16051,146732,0.8770400000000003,0,500
youtube,1473408,9217,75746,0.8853200000000014,0,500
theydidthemath,1462196,6911,121941,0.6500826446280987,0,242
aviation,1442721,11726,94215,0.8068684210526307,0,380
tumblr,1442035,3705,305880,0.9699999999999999,0,25
gamedev,1441516,10354,9308,0.5523199999999998,0,500
BestofRedditorUpdates,1419149,26711,229103,0.9386206896551726,0,58
greentext,1408598,12121,341331,0.9676422764227636,0,123
AskUK,1401765,49564,31080,0.7770600000000025,0,500
lego,1394968,11354,127330,0.9143199999999992,0,500
PersonalFinanceCanada,1370556,14492,12062,0.8419800000000017,0,500
cscareerquestions,1368378,10342,13976,0.6357918552036192,0,442
DotA2,1361802,19212,75185,0.8086999999999999,0,500
privacy,1351737,3380,10512,0.7274345549738221,0,191
CreditCards,1346814,5191,3759,0.8378400000000016,0,500
Weird,1344614,8205,89297,0.8897297297297294,0,37
Terraria,1325435,7921,108890,0.8206800000000016,0,500
4chan,1314572,7079,93664,0.9051807228915664,0,83
BrandNewSentence,1312679,7672,220026,0.8944262295081967,0,244
ich_iel,1312686,10245,265512,0.9286861313868605,0,274
AITAH,1310964,164427,444512,0.8842600000000003,0,500
MechanicAdvice,1308283,7695,9552,0.9215600000000005,0,500
UKPersonalFinance,1302217,6796,7501,0.655879999999997,0,500
nostalgia,1285283,10533,84432,0.8778961038961041,0,385
ImTheMainCharacter,1282476,47427,404447,0.8933333333333334,0,96
MechanicalKeyboards,1255828,7134,24388,0.824567474048443,0,289
OpenAI,1210736,7228,22856,0.7531746031746025,0,126
funnyvideos,1201643,5727,289362,0.8640196078431369,0,102
help,1187335,1941,1953,0.8305800000000012,0,500
homeowners,1179892,12724,9036,0.7299527186761214,0,423
blender,1175233,5938,61187,0.9373199999999997,0,500
JuJutsuKaisen,1132449,7894,96424,0.9200793650793644,0,126
discordapp,1132320,2806,13901,0.8432359081419623,0,479
dndmemes,1126330,6955,253263,0.9531111111111108,0,135
midjourney,1126163,13594,95139,0.8920799999999985,0,500
DCcomics,1123479,9104,25893,0.7226373626373624,0,455
copypasta,1115077,1408,12205,0.9010365853658548,0,492
linux,1103632,3912,8706,0.8038571428571428,0,70
StardustCrusaders,1102171,8133,79789,0.8425757575757574,0,330
RealEstate,1099589,14885,5907,0.6225599999999972,0,500
ApplyingToCollege,1087677,11923,41070,0.9480199999999998,0,500
london,1086119,9175,43048,0.6874476987447695,0,239
Conservative,1082838,24077,99230,0.6621999999999986,0,500
JoeRogan,1080949,30485,86993,0.7565771812080535,0,149
virtualreality,1076534,4772,7184,0.6615593220338977,0,295
headphones,1072413,5618,6513,0.7242292490118575,0,253
Hololive,1072231,21126,595102,0.9827600000000052,0,500
GooglePixel,1055981,6070,5744,0.8136200000000018,0,500
Sims4,1048549,10312,105534,0.9435599999999995,0,500
shittymoviedetails,1036885,8939,363277,0.9013414634146338,0,246
SipsTea,1024098,30463,578323,0.888267716535432,0,254
LeopardsAteMyFace,1014823,12593,205332,0.9579545454545453,0,44
chess,1006876,10927,33690,0.6064097363083151,0,493
Fallout,1004781,14835,97694,0.7328200000000006,0,500
playstation,997825,15762,38811,0.8456200000000021,0,500
deadbydaylight,978487,26689,203236,0.9335000000000009,0,500
AskCulinary,976685,1854,1059,0.6370895522388061,0,134
singapore,969898,11561,26136,0.8434946236559141,0,186
ffxiv,966605,18655,64487,0.5744600000000003,0,500
golf,964698,27355,65269,0.8135800000000007,0,500
BollyBlindsNGossip,964513,31295,113233,0.8626799999999988,0,500
diablo4,964339,10623,7955,0.4294259818731121,0,331
blunderyears,961355,7632,163064,0.9599999999999996,0,51
notliketheothergirls,951989,14154,73334,0.9162937062937067,0,143
Advice,938565,9110,12543,0.9423600000000004,0,500
notinteresting,934778,22484,192226,0.9358399999999992,0,500
buildapcsales,932036,2461,3469,0.7178082191780824,0,73
Superstonk,929657,14751,289776,0.9244266666666666,0,375
manhwa,925699,7352,31073,0.8769495412844045,0,436
argentina,921779,22690,45626,0.7418373493975904,0,332
lotr,919626,6703,60983,0.7831474103585659,0,251
ukraine,903999,14169,321526,0.9828316326530653,0,392
EscapefromTarkov,896724,22802,54192,0.8380999999999997,0,500
Starfield,886266,12627,45728,0.7754800000000014,0,500
MarvelStudiosSpoilers,882038,8331,25333,0.9464444444444445,0,45
SquaredCircle,880375,74820,223139,0.8535200000000005,0,500
TheSilphRoad,879538,12619,27130,0.5080967741935488,0,310
2007scape,871915,32067,166030,0.8274400000000002,0,500
sysadmin,870211,16590,18824,0.7795400000000017,0,500
formuladank,864646,11302,330013,0.8841342756183737,0,283
LegalAdviceUK,862249,8005,31237,0.8943000000000014,0,500
tf2,849127,13902,108896,0.8855999999999997,0,500
Kanye,832459,16458,110977,0.9300199999999996,0,500
germany,812926,11029,25822,0.5319200000000015,0,500
ask,810253,62544,32996,0.8509000000000005,0,500
Funnymemes,799939,28257,337150,0.8933799999999987,0,500
learnpython,794550,3064,1383,0.6847006651884686,0,451
Warhammer40k,791977,10780,125752,0.94712,0,500
ontario,791698,17025,43671,0.6193415637860086,0,243
ChainsawMan,785549,4598,96258,0.9493421052631573,0,228
dndnext,771130,11695,12205,0.6760869565217383,0,276
Teachers,759371,23350,66592,0.8897200000000007,0,500
UkraineWarVideoReport,755132,25917,411879,0.9743400000000052,0,500
rupaulsdragrace,747419,29157,141147,0.8853592814371252,0,334
melbourne,742092,17559,36335,0.6278799999999994,0,500
Helldivers,740923,180070,1933520,0.9669200000000047,0,500
DataHoarder,739504,2834,3291,0.566352201257862,0,159
magicTCG,738884,18332,40473,0.5263000000000004,0,500
medicalschool,725421,12133,48726,0.8503829787234045,0,470
Scams,715708,9148,16718,0.780400000000001,0,500
KGBTR,697185,13240,52313,0.8770600000000002,0,500
TerrifyingAsFuck,690809,6470,80258,0.9608620689655172,0,58
holdmycatnip,690558,3433,211921,0.9782499999999998,0,80
Warframe,686038,21189,116232,0.8108800000000007,0,500
excel,678699,3364,1425,0.954400000000001,0,500
Gamingcirclejerk,666253,25842,222212,0.9039108910891079,0,202
CleaningTips,659771,8724,18356,0.9365000000000001,0,500
KitchenConfidential,655638,12637,67072,0.8089243027888446,0,251
patientgamers,649022,8920,7569,0.7887096774193548,0,62
homelab,648637,6000,9919,0.8034799999999999,0,500
summonerschool,643785,2302,2237,0.7487272727272727,0,110
pathofexile,642649,18212,40100,0.5155056179775281,0,356
MonsterHunter,639861,11720,73299,0.8258800000000002,0,500
recruitinghell,632726,12276,43591,0.9143400000000006,0,500
DMAcademy,618953,5670,4249,0.7601186943620165,0,337
SteamDeck,617540,19960,66850,0.8463400000000012,0,500
h3h3productions,604375,14624,178385,0.9465000000000015,0,500
PiratedGames,596474,5318,54011,0.7179738562091503,0,306
classicwow,595706,30468,39970,0.6235199999999991,0,500
Costco,595181,21912,82101,0.657716346153846,0,416
HonkaiStarRail,592675,40875,576155,0.9393799999999999,0,500
HollowKnight,579422,7425,54015,0.792943925233645,0,428
Accounting,576397,12039,31095,0.9025800000000014,0,500
yugioh,571722,11639,45146,0.7317357512953354,0,386
Polska,570686,20163,48583,0.7617800000000009,0,500
LeagueOfMemes,568350,6233,156814,0.8648356807511733,0,213
CrackWatch,557860,360,1858,0.8381818181818181,0,33
newzealand,556318,30385,42540,0.7153599999999999,0,500
civ,551746,4517,36635,0.7242023346303498,0,257
Seattle,550980,18593,53090,0.6626400000000002,0,500
AusFinance,548790,18773,11351,0.6189429175475669,0,473
MonsterHunterWorld,544396,7521,34784,0.7345265588914538,0,433
TwoHotTakes,542897,25309,66096,0.7806530612244892,0,245
sydney,536467,7041,19778,0.7448461538461536,0,130
MemePiece,533990,19391,230730,0.8920200000000004,0,500
whenthe,533792,25461,650093,0.9451600000000013,0,500
geography,517785,14005,77779,0.8259999999999997,0,170
vancouver,517458,8241,24895,0.778298969072165,0,194
FinalFantasy,510728,11732,38324,0.7395405405405396,0,370
oculus,508020,2440,3264,0.687372881355932,0,236
OculusQuest,504212,8061,12370,0.8714400000000012,0,500
196,501531,24610,752155,0.9820800000000046,0,500
StableDiffusion,497158,8511,45498,0.8359000000000009,0,500
Palworld,494046,17225,133792,0.8650599999999995,0,500
valheim,489736,6458,25284,0.828184931506849,0,292
Genshin_Impact_Leaks,476706,36811,141246,0.9640707964601765,0,113
PeterExplainsTheJoke,472931,29264,634386,0.7865800000000005,0,500
Finanzen,472749,17491,12213,0.5678531073446335,0,354
RimWorld,470839,17872,148486,0.8922799999999991,0,500
goodanimemes,468080,6060,237772,0.8942811501597445,0,313
UkrainianConflict,461092,14466,185344,0.9681400000000029,0,500
skyrimmods,451152,4092,6766,0.7673800000000006,0,500
Windows10,442046,1315,547,0.5628925619834709,0,121
IAmTheMainCharacter,437945,11297,63913,0.7821428571428573,0,112
CrusaderKings,437109,7801,84876,0.9092000000000001,0,500
Persona5,431690,8522,93031,0.7510052910052901,0,378
Warthunder,431301,20949,119648,0.9014599999999998,0,500
feedthebeast,429960,3338,8553,0.9061400000000014,0,500
BatmanArkham,428100,24463,207990,0.9702000000000014,0,500
whatcarshouldIbuy,414964,11267,11604,0.9410000000000003,0,500
Money,412992,34686,141022,0.9287200000000011,0,500
totalwar,411365,8951,45259,0.743551912568305,0,366
GamingLeaksAndRumours,410112,7216,15045,0.8273913043478259,0,46
Grimdank,402725,22034,357481,0.9014022988505734,0,435
BoomersBeingFools,402346,65243,460073,0.852821576763485,0,482
texts,401609,21809,67845,0.760483271375465,0,269
starcitizen,400410,18755,43725,0.7719400000000008,0,500
Bogleheads,398050,8553,6207,0.7384749999999987,0,400
hoi4,397022,7635,63216,0.9090400000000003,0,500
footballmanagergames,394195,6825,33769,0.8775200000000011,0,500
reactjs,388689,1295,842,0.7520279720279722,0,143
SpidermanPS4,388656,10341,85308,0.9095199999999994,0,500
AskNYC,379915,6144,4705,0.6856799999999984,0,500
amiwrong,374156,59367,87732,0.7411400000000002,0,500
LinusTechTips,372086,7210,44914,0.6012258064516135,0,310
49ers,370608,6858,34502,0.9469,0,100
projectzomboid,369774,10386,67366,0.9106199999999992,0,500
doordash,369479,16749,89917,0.8105000000000018,0,500
Unity3D,367313,3503,9257,0.8593400000000007,0,500
ios,364923,2915,3261,0.7027088607594927,0,395
factorio,363781,8566,27892,0.7528774928774921,0,351
Construction,358766,11238,38331,0.7086681715575608,0,443
Guildwars2,357281,10156,14974,0.5412430939226524,0,362
NonCredibleDefense,353260,19727,364534,0.9705603448275856,0,232
DeepRockGalactic,351774,11139,160625,0.8503400000000003,0,500
runescape,349215,8746,15379,0.7210000000000008,0,500
eu4,348267,11244,76513,0.80932,0,500
HomeNetworking,347211,5187,4499,0.8502600000000022,0,500
KansasCityChiefs,345219,8321,30896,0.9087499999999993,0,136
Competitiveoverwatch,341843,5446,10002,0.8189510489510489,0,143
osugame,336670,4368,48898,0.9234838709677424,0,310
selfhosted,332374,5586,6497,0.6444987146529552,0,389
MacOS,322963,3050,2207,0.7318783068783056,0,378
Roms,314339,1357,1191,0.3935664335664337,0,143
grandorder,313493,4688,76229,0.8791983122362865,0,237
badroommates,309957,13248,47518,0.7647340425531911,0,188
geometrydash,301649,17161,80456,0.9401399999999993,0,500
PleX,296970,4999,2824,0.652241379310345,0,406
windows,295738,1469,1686,0.7749242424242425,0,132
Millennials,294705,45970,98153,0.798480392156863,0,204
lostarkgame,292055,7169,8439,0.5096186440677968,0,236
Asmongold,290074,10013,48289,0.7830000000000001,0,500
homeassistant,286720,4018,4118,0.7783725910064234,0,467
videogames,284587,52634,165048,0.9039400000000011,0,500
Deltarune,283276,11732,126547,0.9389599999999991,0,500
CuratedTumblr,281933,27398,815243,0.9617431192660565,0,327
rust,281868,2690,6768,0.695183246073298,0,191
Tekken,279988,23152,118037,0.9021,0,500
MouseReview,275854,4100,3228,0.6353777777777752,0,450
linux_gaming,273067,3903,6759,0.77470588235294,0,272
law,270714,12686,111831,0.9179702970297025,0,202
PERSoNA,265592,12876,166549,0.9096999999999997,0,500
40kLore,264503,10706,17073,0.6978498293515348,0,293
computers,262391,6756,8460,0.9315600000000004,0,500
EDH,262053,18869,8678,0.7762400000000024,0,500
Truckers,259744,15352,51062,0.901060000000001,0,500
HazbinHotel,257518,26248,287096,0.9620600000000017,0,500
gachagaming,255555,4468,12157,0.7500000000000002,0,69
linuxquestions,252305,3367,1299,0.7569041095890395,0,365
unrealengine,245544,2138,2221,0.7983235294117625,0,340
mapporncirclejerk,241244,9754,103007,0.886442307692308,0,312
NewsOfTheStupid,241031,6988,75161,0.9271428571428568,0,49
comicbookmovies,240098,5539,48442,0.9519354838709678,0,31
csMajors,239305,5822,26320,0.7741800000000011,0,500
ChikaPH,235723,20565,61839,0.8376016260162601,0,246
Destiny,231274,28629,263020,0.9629600000000026,0,500
askSingapore,230836,11909,14718,0.6289330543933039,0,478
gamingsuggestions,227272,8649,3576,0.9178800000000009,0,500
ExplainTheJoke,226272,8202,190515,0.7938582677165349,0,127
JRPG,225266,10884,7058,0.6202068965517243,0,145
Monitors,222025,233,213,0.6888888888888889,0,9
FluentInFinance,220770,23801,118643,0.8349137931034482,0,116
GenZ,218849,56532,158607,0.8429400000000012,0,500
askTO,218514,8352,4874,0.588208333333333,0,480
nbacirclejerk,217536,13079,234016,0.896419999999999,0,500
software,216787,643,344,0.8345070422535211,0,142
LowSodiumCyberpunk,212472,4663,37190,0.833966244725738,0,237
arknights,210322,5415,133980,0.9261788617886174,0,246
Home,202477,1647,1102,0.8279651162790699,0,172
yakuzagames,201909,9267,115913,0.9145399999999998,0,500
Target,191246,5600,21073,0.8644817073170735,0,328
HonkaiStarRail_leaks,189004,12408,49433,0.94875,0,24
AllThatIsInteresting,176367,4261,44735,0.9317391304347826,0,23
VirtualYoutubers,173617,6450,55599,0.9350199999999995,0,500
CrackSupport,173320,500,338,0.8421739130434782,0,138
godot,173215,4975,19979,0.8998000000000009,0,500
RPClipsGTA,171568,4981,14189,0.5553614457831326,0,166
Presidents,168229,30174,100439,0.8680896226415099,0,424
redditonwiki,161997,12987,58699,0.8684210526315793,0,266
Windows11,161699,2090,2819,0.6990476190476188,0,189
Jujutsufolk,157773,28240,298943,0.9650600000000024,0,500
FFVIIRemake,146300,16745,24696,0.8404799999999998,0,500
delta,144594,9038,19249,0.6785587583148545,0,451
BG3Builds,134238,7868,12925,0.8652265861027186,0,331
Jujutsushi,132904,2933,6288,0.8534285714285714,0,35
LocalLLaMA,132858,6177,13119,0.8233054393305438,0,239
chrome,132379,641,368,0.8767708333333336,0,192
LastEpoch,129564,19188,36758,0.8382599999999995,0,500
WerWieWas,120261,7295,9416,0.769037656903765,0,239
amazonprime,120013,3838,10410,0.7398275862068965,0,174
JEENEETards,110748,23629,66345,0.9353399999999992,0,500
NikkeMobile,108060,15662,226464,0.9455000000000013,0,500
BG3,104964,8227,85427,0.8230786516853945,0,445
Nijisanji,92460,5764,35349,0.697319587628866,0,97
GoodAssSub,81629,30073,138038,0.9719200000000038,0,500
TombRaider,75807,5098,12886,0.8347674418604658,0,344
stupidquestions,73860,33147,12680,0.7226865671641781,0,335
VisionPro,63522,7338,12528,0.7685589519650656,0,458
instacart,57352,8135,35291,0.7320394736842103,0,152
Enshrouded,51534,2970,9641,0.8064743589743586,0,156
SwiftlyNeutral,42350,12960,20610,0.7777777777777777,0,81
GranblueFantasyRelink,30835,8862,14526,0.6744799999999994,0,500
