Subreddit,Total Comments,Total Score,Total Upvote Ratio,Total Awards,Posts Counted
funny,40761,890812,0.9300999999999998,0,100
AskReddit,303972,269173,0.9060000000000007,0,100
gaming,72279,403014,0.9107000000000002,0,100
worldnews,62378,705732,0.9432999999999997,0,100
todayilearned,40275,955138,0.9590999999999998,0,100
movies,89976,247928,0.8896,0,100
pics,80833,1829440,0.9348000000000001,0,100
memes,30357,1106841,0.9467999999999995,0,100
news,57253,728907,0.9472999999999994,0,100
videos,18621,63067,0.8182,0,100
DIY,30892,82921,0.8975999999999992,0,100
nottheonion,24011,380843,0.9512999999999997,0,100
mildlyinteresting,38122,677183,0.9480000000000003,0,100
explainlikeimfive,12899,55160,0.8421999999999997,0,100
personalfinance,9412,15208,0.7926000000000001,0,100
OldSchoolCool,13632,255329,0.9696999999999999,0,100
technology,57414,465711,0.9304000000000002,0,100
wallstreetbets,49052,221280,0.9387000000000001,0,100
AmItheAsshole,91733,381706,0.9427999999999993,0,100
Damnthatsinteresting,46061,1287445,0.9557999999999994,0,100
interestingasfuck,90134,1253469,0.9314999999999997,0,100
relationship_advice,43056,92380,0.8917000000000002,0,100
Unexpected,16893,737302,0.9296428571428567,0,84
pcmasterrace,41084,434981,0.9473999999999998,0,100
nba,40513,313264,0.9558999999999994,0,100
anime,25026,146517,0.9465999999999998,0,100
MadeMeSmile,36854,1800417,0.9561999999999995,0,100
politics,78800,977760,0.9601000000000001,0,100
facepalm,83312,1138183,0.9383999999999999,0,100
BeAmazed,42787,1057466,0.9581999999999999,0,100
nfl,67146,343901,0.9768999999999997,0,100
Minecraft,13600,184954,0.9702,0,100
mildlyinfuriating,60258,815468,0.9527999999999998,0,100
leagueoflegends,34583,119776,0.9236000000000001,0,100
WTF,11081,128701,0.9243750000000002,0,32
buildapc,10365,7444,0.8189000000000002,0,100
soccer,41098,412633,0.9653999999999999,0,100
dankmemes,12939,623751,0.9567999999999992,0,100
AskMen,35778,36091,0.8769000000000005,0,100
BlackPeopleTwitter,27017,584797,0.9556999999999993,0,100
Overwatch,20735,127452,0.9403000000000001,0,100
ChatGPT,18486,238245,0.9319999999999997,0,100
PublicFreakout,47694,392285,0.9352000000000003,0,100
NoStupidQuestions,69489,152012,0.9010000000000004,0,100
coolguides,12740,163989,0.8667021276595744,0,94
unpopularopinion,38556,119066,0.8162999999999998,0,100
formula1,29581,240126,0.9590999999999995,0,100
MapPorn,25123,202575,0.9208000000000003,0,100
DnD,19115,67332,0.9415999999999998,0,100
pcgaming,10870,46385,0.7703,0,100
Wellthatsucks,21400,305846,0.9441999999999996,0,100
OnePiece,22572,221500,0.9455000000000002,0,100
OutOfTheLoop,8183,32434,0.6820312499999999,0,64
Games,17957,62518,0.8702,0,100
TikTokCringe,39163,425254,0.9309999999999999,0,100
WhitePeopleTwitter,42431,860851,0.9665999999999992,0,100
manga,7380,136652,0.9574999999999997,0,100
antiwork,29612,561418,0.9623999999999995,0,100
LivestreamFail,11590,77894,0.8113999999999999,0,100
shitposting,19440,927595,0.9688999999999995,0,100
Genshin_Impact,21637,355599,0.9598999999999998,0,100
popculturechat,39875,435688,0.9554999999999997,0,100
Steam,16831,137530,0.8375000000000001,0,100
rareinsults,3908,204601,0.9506999999999995,0,100
legaladvice,3948,71967,0.8957000000000002,0,100
Eldenring,30834,399641,0.9672999999999999,0,100
wow,13058,73111,0.9226000000000001,0,100
GlobalOffensive,9849,58859,0.9522999999999997,0,100
techsupport,1456,1815,0.9143000000000001,0,100
CrazyFuckingVideos,14797,185678,0.9304395604395601,0,91
malelivingspace,17643,58677,0.925,0,100
BaldursGate3,27528,299947,0.9644999999999996,0,100
college,3438,9484,0.9206,0,100
CombatFootage,14193,196096,0.9633999999999997,0,100
Piracy,7994,88503,0.9042999999999999,0,100
cyberpunkgame,12024,141662,0.9649999999999995,0,100
youtube,9195,83081,0.9254999999999999,0,100
theydidthemath,5331,58446,0.8539999999999998,0,100
BestofRedditorUpdates,27237,242464,0.94280701754386,0,57
AITAH,131886,395619,0.9221999999999997,0,100
discordapp,1725,12313,0.8525999999999999,0,100
SipsTea,25286,610627,0.9541999999999993,0,100
ffxiv,10192,66154,0.9121999999999997,0,100
EscapefromTarkov,15667,44114,0.9137000000000002,0,100
2007scape,20743,124449,0.9387000000000002,0,100
sysadmin,14281,18386,0.8691999999999999,0,100
UkraineWarVideoReport,14886,227240,0.980799999999999,0,100
Helldivers,88122,1013839,0.9597999999999998,0,100
Warframe,14385,97259,0.9634999999999998,0,100
Gamingcirclejerk,23665,213599,0.9348000000000001,0,100
SteamDeck,13813,59042,0.9039,0,100
classicwow,19923,36425,0.8586999999999996,0,100
PiratedGames,3566,56614,0.8674,0,100
HonkaiStarRail,21457,378780,0.9628999999999998,0,100
Palworld,13875,140000,0.9561999999999996,0,100
PeterExplainsTheJoke,28021,639497,0.9340999999999998,0,100
feedthebeast,2784,8624,0.9103,0,100
badroommates,7978,20585,0.873,0,100
CuratedTumblr,18572,595235,0.9752999999999996,0,100
Home,2974,1950,0.8732000000000001,0,100
